{
  "status": "route_completed",
  "depletion_coordinate": null,
  "depletion_second": null,
  "effective_kwh_allocated": 55.3,
  "final_soc": 0.781089,
  "min_soc": 0.781089,
  "route_duration_s": 700,
  "route_distance_m": 8386.5,
  "soc_timeline": [
    0.8,
    0.799815,
    0.799592,
    0.799577,
    0.799561,
    0.799546,
    0.799531,
    0.799516,
    0.799501,
    0.799485,
    0.79947,
    0.799455,
    0.79944,
    0.799425,
    0.799409,
    0.799394,
    0.799379,
    0.799364,
    0.799348,
    0.799333,
    0.799318,
    0.799303,
    0.799288,
    0.799272,
    0.799257,
    0.799242,
    0.799227,
    0.799212,
    0.799196,
    0.799181,
    0.799166,
    0.799151,
    0.799136,
    0.79912,
    0.799105,
    0.79909,
    0.799075,
    0.799059,
    0.799044,
    0.799029,
    0.799014,
    0.798999,
    0.798983,
    0.798968,
    0.798953,
    0.79863,
    0.798608,
    0.798586,
    0.798565,
    0.798543,
    0.798522,
    0.7985,
    0.798478,
    0.798457,
    0.798435,
    0.798414,
    0.798392,
    0.79837,
    0.798349,
    0.798327,
    0.798306,
    0.798284,
    0.798262,
    0.798241,
    0.798219,
    0.798197,
    0.798176,
    0.798154,
    0.798133,
    0.798111,
    0.798089,
    0.798068,
    0.798046,
    0.798025,
    0.798003,
    0.797981,
    0.79796,
    0.797938,
    0.797917,
    0.797895,
    0.797873,
    0.797852,
    0.79783,
    0.797808,
    0.797787,
    0.797765,
    0.797744,
    0.797722,
    0.7977,
    0.797679,
    0.797657,
    0.797636,
    0.797614,
    0.797592,
    0.797571,
    0.797549,
    0.797528,
    0.797506,
    0.796861,
    0.796827,
    0.796792,
    0.796758,
    0.796724,
    0.79669,
    0.796656,
    0.796622,
    0.796588,
    0.796554,
    0.79652,
    0.796486,
    0.796452,
    0.796418,
    0.796384,
    0.79635,
    0.796316,
    0.796282,
    0.796247,
    0.796213,
    0.796179,
    0.796145,
    0.796111,
    0.796077,
    0.796043,
    0.796009,
    0.795975,
    0.795941,
    0.795907,
    0.795873,
    0.795839,
    0.795805,
    0.795771,
    0.795737,
    0.795702,
    0.795668,
    0.795634,
    0.7956,
    0.795566,
    0.795532,
    0.795498,
    0.795464,
    0.79543,
    0.795396,
    0.795362,
    0.795328,
    0.795294,
    0.79526,
    0.795226,
    0.795192,
    0.795157,
    0.795123,
    0.795089,
    0.795055,
    0.795021,
    0.794735,
    0.794696,
    0.794657,
    0.794618,
    0.794579,
    0.794539,
    0.7945,
    0.794461,
    0.794422,
    0.794383,
    0.794344,
    0.794305,
    0.794266,
    0.794226,
    0.794187,
    0.794148,
    0.794109,
    0.79407,
    0.794031,
    0.793992,
    0.793953,
    0.793913,
    0.793874,
    0.793835,
    0.793796,
    0.793757,
    0.793718,
    0.793679,
    0.79364,
    0.7936,
    0.793561,
    0.793522,
    0.793483,
    0.793444,
    0.793405,
    0.793366,
    0.793326,
    0.793287,
    0.793248,
    0.793209,
    0.79317,
    0.793131,
    0.793092,
    0.793053,
    0.793013,
    0.792974,
    0.792935,
    0.792896,
    0.792857,
    0.792818,
    0.793479,
    0.79346,
    0.793442,
    0.793424,
    0.793406,
    0.793387,
    0.793369,
    0.793351,
    0.793333,
    0.793314,
    0.793296,
    0.793278,
    0.79326,
    0.793241,
    0.793223,
    0.793205,
    0.793187,
    0.793168,
    0.79315,
    0.793132,
    0.793114,
    0.793095,
    0.793077,
    0.793059,
    0.793041,
    0.793022,
    0.793004,
    0.792986,
    0.792968,
    0.792949,
    0.792931,
    0.792913,
    0.792895,
    0.792876,
    0.792858,
    0.79284,
    0.792822,
    0.792803,
    0.792227,
    0.792197,
    0.792168,
    0.792138,
    0.792109,
    0.79208,
    0.79205,
    0.792021,
    0.791991,
    0.791962,
    0.791932,
    0.791903,
    0.791873,
    0.791844,
    0.791814,
    0.791785,
    0.791755,
    0.791726,
    0.791696,
    0.791667,
    0.791637,
    0.791608,
    0.791578,
    0.791549,
    0.791519,
    0.79149,
    0.79146,
    0.791431,
    0.791402,
    0.791372,
    0.791343,
    0.791313,
    0.791284,
    0.791254,
    0.791225,
    0.791195,
    0.791166,
    0.791136,
    0.791107,
    0.791077,
    0.791048,
    0.791018,
    0.790989,
    0.790959,
    0.79093,
    0.7909,
    0.790871,
    0.790841,
    0.790812,
    0.790782,
    0.790753,
    0.790724,
    0.790694,
    0.790665,
    0.790154,
    0.790115,
    0.790076,
    0.790037,
    0.789998,
    0.789959,
    0.78992,
    0.789881,
    0.789841,
    0.789802,
    0.789763,
    0.789724,
    0.789685,
    0.789646,
    0.789607,
    0.789568,
    0.789528,
    0.789489,
    0.78945,
    0.789411,
    0.789372,
    0.789333,
    0.789294,
    0.789254,
    0.789215,
    0.789176,
    0.789137,
    0.789098,
    0.789059,
    0.78902,
    0.788981,
    0.788941,
    0.788902,
    0.788863,
    0.788824,
    0.788785,
    0.788746,
    0.788707,
    0.788668,
    0.788628,
    0.788589,
    0.78855,
    0.788511,
    0.788472,
    0.788433,
    0.788394,
    0.788355,
    0.788315,
    0.788276,
    0.788237,
    0.788198,
    0.788159,
    0.78812,
    0.788081,
    0.788041,
    0.788002,
    0.787963,
    0.787924,
    0.787885,
    0.787846,
    0.787807,
    0.787768,
    0.78832,
    0.788298,
    0.788277,
    0.788255,
    0.788234,
    0.788212,
    0.78819,
    0.788169,
    0.788147,
    0.788126,
    0.788104,
    0.788082,
    0.788061,
    0.788039,
    0.788018,
    0.787996,
    0.787974,
    0.787953,
    0.787931,
    0.787909,
    0.787888,
    0.787866,
    0.787845,
    0.787823,
    0.787801,
    0.78778,
    0.787758,
    0.787737,
    0.787715,
    0.787693,
    0.787672,
    0.78765,
    0.787629,
    0.787607,
    0.787585,
    0.787564,
    0.787542,
    0.78752,
    0.787499,
    0.787477,
    0.787456,
    0.787434,
    0.787412,
    0.787391,
    0.787369,
    0.787348,
    0.787326,
    0.787304,
    0.787283,
    0.787261,
    0.787356,
    0.787338,
    0.787319,
    0.787301,
    0.787283,
    0.787265,
    0.787246,
    0.787228,
    0.78721,
    0.787192,
    0.787173,
    0.787155,
    0.787137,
    0.787119,
    0.7871,
    0.787082,
    0.787064,
    0.787046,
    0.787027,
    0.787009,
    0.786991,
    0.786973,
    0.786954,
    0.786936,
    0.786918,
    0.7869,
    0.786881,
    0.786863,
    0.786845,
    0.786827,
    0.786808,
    0.78679,
    0.786772,
    0.786754,
    0.786735,
    0.786717,
    0.786699,
    0.786681,
    0.786662,
    0.786644,
    0.786626,
    0.786608,
    0.786589,
    0.786571,
    0.786553,
    0.786535,
    0.786516,
    0.786498,
    0.78648,
    0.786462,
    0.786443,
    0.786425,
    0.786407,
    0.786389,
    0.78637,
    0.786352,
    0.786334,
    0.786316,
    0.786297,
    0.786279,
    0.786261,
    0.786243,
    0.786224,
    0.786206,
    0.786188,
    0.78617,
    0.786151,
    0.785525,
    0.785319,
    0.785285,
    0.785251,
    0.785217,
    0.785183,
    0.785148,
    0.785114,
    0.78508,
    0.785046,
    0.785012,
    0.784978,
    0.784944,
    0.78491,
    0.784876,
    0.784842,
    0.784808,
    0.784774,
    0.78474,
    0.784706,
    0.784672,
    0.784638,
    0.784603,
    0.784569,
    0.784535,
    0.784501,
    0.784467,
    0.784433,
    0.784399,
    0.784365,
    0.784331,
    0.784297,
    0.784263,
    0.784229,
    0.784195,
    0.784161,
    0.784127,
    0.784092,
    0.784058,
    0.784024,
    0.78399,
    0.783956,
    0.783922,
    0.783888,
    0.783854,
    0.78382,
    0.783786,
    0.783752,
    0.783718,
    0.783684,
    0.78365,
    0.783616,
    0.783582,
    0.783547,
    0.783513,
    0.783479,
    0.784071,
    0.784056,
    0.784041,
    0.784026,
    0.78401,
    0.783995,
    0.78398,
    0.783965,
    0.783949,
    0.783934,
    0.783919,
    0.783904,
    0.783889,
    0.783873,
    0.783858,
    0.783843,
    0.783828,
    0.783813,
    0.783797,
    0.783782,
    0.783767,
    0.783752,
    0.783736,
    0.783721,
    0.783706,
    0.783691,
    0.783676,
    0.78366,
